shubham,verma,sdfsdf,sdfsd,fsdf,sdfsdf,sdgfsd,sdgsd
shubham,verma,sdfsdf,sdfsd,fsdf,sdfsdf,sdgfsd,sdgsd
tushar,verma,sdfsdf,sdgsdg,sgdsdg,sgsg,sgsg,sgsg
shubham,verma,sdfsdf,sdfsd,fsdf,sdfsdf,sdgfsd,sdgsd
tushar,verma,sdfsdf,sdgsdg,sgdsdg,sgsg,sgsg,sgsg
muskan,verma,sdsfg,sfgsfg,sgsg,sgsgd,sdgsdg,sdgsg
shubham,verma,sdfsdf,sdfsd,fsdf,sdfsdf,sdgfsd,sdgsd
tushar,verma,sdfsdf,sdgsdg,sgdsdg,sgsg,sgsg,sgsg
muskan,verma,sdsfg,sfgsfg,sgsg,sgsgd,sdgsdg,sdgsg
shubham,verma,dgsf,sgsg,sgsfg,sgsg,sgsgd,sdgsg
shubham,verma,dgsf,sgsg,sgsfg,sgsg,sgsgd,sdgsg
tushar,verma,sdgsg,sgsg,sdgdsg,sgsg,sgsg,sgsg
shubham,verma,dgsf,sgsg,sgsfg,sgsg,sgsgd,sdgsg
tushar,verma,sdgsg,sgsg,sdgdsg,sgsg,sgsg,sgsg
shubham,verma,dgsf,sgsg,sgsfg,sgsg,sgsgd,sdgsg
tushar,verma,sdgsg,sgsg,sdgdsg,sgsg,sgsg,sgsg
shubham,verma,sdsdf,sdgsdg,sdgsdg,sdgsdg,sdgsg,sdgsg
shubham,verma,sdsdf,sdgsdg,sdgsdg,sdgsdg,sdgsg,sdgsg
tushar,verma,dsgs,sdgsg,sdgsg,sgsg,sgsg,sgesge
shubham,verma,sdsdf,sdgsdg,sdgsdg,sdgsdg,sdgsg,sdgsg
tushar,verma,dsgs,sdgsg,sdgsg,sgsg,sgsg,sgesge
muskan,verma,sdgsf,sdgsd,sdgsg,sgsgd,sdgsdg,sgsg
